timestamp,open,high,low,close,volume
2025-04-15,45.4900,46.1900,40.8800,44.4800,341565643
2025-03-31,42.9600,47.3600,41.1744,45.3600,605736630
2025-02-28,39.3100,43.9700,39.1460,43.1000,368581193
2025-01-31,40.0300,40.8800,37.5850,39.3900,531996737
2024-12-31,44.2700,44.4200,39.3950,39.9900,372579855
2024-11-29,42.1200,44.7300,40.0742,44.3400,339624039
2024-10-31,44.9600,45.2800,40.7500,42.1300,381995902
2024-09-30,41.9600,45.3600,40.9000,44.9100,462695042
2024-08-30,40.6650,41.9400,39.6400,41.7800,322053755
2024-07-31,41.4200,42.5200,38.7000,40.5200,412666879
2024-06-28,41.1800,41.7200,38.9500,41.2400,324626188
2024-05-31,39.3300,41.2800,38.7500,41.1500,350550117
2024-04-30,41.9900,43.4200,38.5600,39.4900,430501917
2024-03-28,39.9900,42.1500,39.1400,41.9600,371362834
2024-02-29,42.6800,42.7200,39.2620,40.0200,346410806
2024-01-31,37.7300,43.2100,37.5600,42.3500,523148581
2023-12-29,38.4000,38.8800,36.4600,37.7000,419450766
2023-11-30,35.4050,38.4399,35.1500,38.3300,394985559
2023-10-31,32.4400,35.2100,30.1350,35.1300,588567632
2023-09-29,34.9900,35.1450,32.3100,32.4100,424593082
2023-08-31,34.2900,35.1400,32.1800,34.9800,468373374
2023-07-31,37.1700,37.6800,31.2500,34.0800,690288987
2023-06-30,35.6000,37.2500,33.7200,37.1900,444549706
2023-05-31,39.1700,39.1800,34.6700,35.6300,413795867
2023-04-28,39.0500,40.2450,36.5700,38.8300,364286178
2023-03-31,38.7100,39.0499,36.1600,38.8900,479118561
2023-02-28,41.9900,42.0000,38.0900,38.8100,307125873
2023-01-31,39.7700,42.5780,38.4100,41.5700,481294164
2022-12-30,39.1800,39.6900,36.5750,39.4000,561037935
2022-11-30,37.9800,39.3585,36.8000,38.9800,425412277
2022-10-31,38.5000,39.8500,34.5500,37.3700,585140196
2022-09-30,41.6400,42.8500,37.9500,37.9700,474806265
2022-08-31,46.2900,46.5000,41.7600,41.8100,416503904
2022-07-29,50.9600,51.8850,43.7650,46.1900,411341416
2022-06-30,51.4400,52.1800,48.0100,50.7500,412243573
2022-05-31,46.5100,51.6050,45.5489,51.2900,476689095
2022-04-29,51.0200,55.5100,46.1700,46.3000,551553318
2022-03-31,53.5000,55.3900,50.8000,50.9400,625190914
2022-02-28,53.4000,54.5700,51.7100,53.6700,391598753
2022-01-31,52.0700,54.8300,50.8100,53.2300,500127443
2021-12-31,50.5000,53.3400,49.6850,51.9600,525929646
2021-11-30,53.2400,53.3700,50.0400,50.2700,396177889
2021-10-29,54.0200,54.8463,50.8600,52.9900,450820286
2021-09-30,55.0000,55.5000,54.0000,54.0100,344315281
2021-08-31,56.0600,56.2550,54.5300,55.0000,288171148
2021-07-30,56.1800,56.8500,55.3100,55.7800,319067467
2021-06-30,56.7500,57.6100,55.5700,56.0300,332026807
2021-05-28,58.2300,59.8500,56.0200,56.4900,363268171
2021-04-30,58.0200,59.4600,56.2000,57.7900,335910832
2021-03-31,55.4900,58.9800,54.4019,58.1500,483142964
2021-02-26,55.2700,57.6100,53.8300,55.3000,374557582
2021-01-29,58.9600,59.5400,54.4750,54.7500,411542483
2020-12-31,60.4300,61.9500,58.0200,58.7500,328155658
2020-11-30,57.6700,61.4600,56.5800,60.4100,291496508
2020-10-30,59.4000,59.9700,56.0200,56.9900,340729026
2020-09-30,59.1200,61.5000,58.6500,59.4900,319513829
2020-08-31,57.8700,59.7900,57.1200,59.2700,233518010
2020-07-31,55.0900,57.7000,53.7500,57.4800,306648093
2020-06-30,56.7000,58.2300,52.8500,55.1300,385268589
2020-05-29,57.7600,57.7900,53.6700,57.3800,327825004
2020-04-30,52.5000,58.9100,52.1600,57.4500,354114732
2020-03-31,55.1600,58.2500,48.8400,53.7300,704276927
2020-02-28,59.6100,60.3500,52.1800,54.1600,324622512
2020-01-31,61.3800,61.4500,58.3400,59.4400,280097408
2019-12-31,60.2000,62.2200,59.5800,61.4000,237431768
2019-11-29,61.2900,61.3400,58.8000,60.2400,209007930
2019-10-31,60.4000,61.3200,58.3300,60.4700,263096250
2019-09-30,57.9000,61.0000,57.5900,60.3600,210490667
2019-08-30,57.1100,58.4100,54.4100,58.1600,279600929
2019-07-31,57.4200,58.5100,54.5600,55.2700,267346439
2019-06-28,54.6800,58.6700,54.5600,57.1300,261158171
2019-05-31,57.2300,60.5400,54.2600,54.3500,309142050
2019-04-30,59.3900,59.4100,55.7500,57.1900,272992341
2019-03-29,57.0200,61.1900,55.4500,59.1300,306517399
2019-02-28,55.2100,57.6100,53.0200,56.9200,242015376
2019-01-31,56.1600,58.6900,52.2800,55.0600,382345864
2018-12-31,59.5000,59.7500,52.4000,56.2200,395006156
2018-11-30,56.9800,61.5800,55.5500,60.3000,345222902
2018-10-31,53.6100,58.8000,52.8200,57.0900,458625877
2018-09-28,53.5500,55.4200,52.8400,53.3900,292422583
2018-08-31,52.0200,55.2100,51.4300,54.3700,261175320
2018-07-31,50.2500,53.0000,49.7000,51.6400,262821065
2018-06-29,47.8900,51.0500,47.1300,50.3100,381777103
2018-05-31,49.4900,49.6500,46.0900,47.6700,319269322
2018-04-30,47.6200,51.6900,46.7100,49.3500,321036808
2018-03-29,47.6900,49.2600,46.2000,47.8200,322873196
2018-02-28,54.4900,54.7500,47.5400,47.7400,383930340
2018-01-31,53.1600,54.7700,51.1500,54.0700,370207155
2017-12-29,50.9000,53.6900,50.2000,52.9300,292294558
2017-11-30,48.1500,51.0900,43.9650,50.8900,381687343
2017-10-31,49.3900,51.1800,47.4200,47.8700,322291402
2017-09-29,48.0200,50.3150,45.7100,49.4900,295873587
2017-08-31,48.6800,49.6300,47.5100,47.9700,288375781
2017-07-31,44.6100,48.5700,42.8000,48.4000,320888451
2017-06-30,46.7100,47.5000,44.3600,44.6600,302704823
2017-05-31,46.0600,46.9450,44.4600,46.6400,325707747
2017-04-28,48.7300,49.5500,45.8900,45.9100,352643400
2017-03-31,49.5600,50.6300,48.6700,48.7500,287981217
2017-02-28,49.3400,50.9450,47.8000,49.6300,323223818
2017-01-31,53.9600,54.8300,48.5100,49.0100,361074821
2016-12-30,49.8000,53.9000,49.3100,53.3800,256137448
2016-11-30,48.3200,51.2000,46.0100,49.9000,336166694
2016-10-31,51.8400,52.1400,47.5800,48.1000,297107264
2016-09-30,52.1400,53.8800,51.0200,51.9800,281332398
2016-08-31,55.5800,55.8195,51.9000,52.3300,251620080
2016-07-29,55.8500,56.9500,54.4400,55.4100,271531443
2016-06-30,50.8700,55.9200,50.1200,55.8400,330438091
2016-05-31,51.2200,51.6950,49.0450,50.9000,230551257
2016-04-29,53.3200,54.4900,49.4700,50.9400,312830332
2016-03-31,50.9900,54.3700,50.9800,54.0800,298183698
2016-02-29,49.9400,51.3800,49.2650,50.7300,379149891
2016-01-29,45.6700,49.9900,43.7900,49.9700,416414752
2015-12-31,45.5100,47.2300,44.3300,46.2200,293503869
2015-11-30,47.0200,47.0800,44.1849,45.4500,219218027
2015-10-30,43.4900,46.9800,42.2000,46.8800,314370966
2015-09-30,45.0400,46.5500,43.2845,43.5100,332711688
2015-08-31,47.1800,48.2100,38.0600,46.0100,327958698
2015-07-31,46.6400,48.2600,45.6600,46.7900,325811424
2015-06-30,49.4400,49.5400,46.6000,46.6100,350940765
2015-05-29,50.7500,50.8600,48.9700,49.4400,278887324
2015-04-30,48.4500,50.6500,48.4300,50.4400,324325985
2015-03-31,49.1200,49.9000,47.3550,48.6300,326909621
2015-02-27,46.2000,49.9900,45.7600,49.4500,346471330
2015-01-30,47.0000,48.4800,45.3700,45.7100,373506435
2014-12-31,50.6800,50.8400,45.0900,46.7800,377784172
2014-11-28,50.4900,51.7300,48.8600,50.5900,238983914
2014-10-31,49.7300,50.5000,46.8900,50.2500,369959333
2014-09-30,49.8200,50.3800,48.2600,49.9900,273095991
2014-08-29,50.5200,50.5200,48.2000,49.8200,262979800
2014-07-31,48.8800,53.6600,48.5400,50.4200,316714100
2014-06-30,50.0200,50.3300,48.7500,48.9300,261301400
2014-05-30,46.6300,50.0100,46.6000,49.9600,330389300
2014-04-30,47.5400,48.4600,45.8500,46.7300,516079700
2014-03-31,47.3000,48.3900,45.8300,47.5700,728108800
2014-02-28,47.2230,48.3400,45.4500,47.5800,1452306200
2014-01-31,49.0800,49.4000,46.5800,48.0200,379177400
2013-12-31,49.6600,49.7900,47.4500,49.1400,236601200
2013-11-29,50.7900,51.4600,49.3600,49.6200,182788700
2013-10-31,46.6200,51.4900,46.0300,50.5100,386139000
2013-09-30,45.5200,48.8900,45.0800,46.6750,322803500
2013-08-30,50.0500,50.4400,46.2500,47.3800,203962300
2013-07-31,50.2900,51.9400,49.1900,49.4800,203977200
2013-06-28,48.4300,51.6850,47.7700,50.3400,297020400
2013-05-31,53.7700,53.9700,48.4725,48.4800,234175000
2013-04-30,49.0600,54.3100,48.6600,53.9100,333570400
2013-03-28,46.2200,49.5900,46.1100,49.1500,250889500
2013-02-28,44.2000,46.9300,44.0150,46.5300,257168000
2013-01-31,44.4900,44.8700,41.5000,43.6100,327961200
2012-12-31,44.4700,44.9400,42.4900,43.2700,239689900
2012-11-30,44.9100,45.4500,40.5100,44.1200,283006100
2012-10-31,45.5700,47.3200,43.7500,44.6400,256225882
2012-09-28,42.9100,46.0600,42.7700,45.5700,280718000
2012-08-31,45.4300,46.4100,42.1800,42.9400,250169400
2012-07-31,44.2900,46.4100,43.3600,45.1400,278312300
2012-06-29,41.5200,44.7700,40.9200,44.4400,396646800
2012-05-31,40.4400,41.9600,39.8500,41.6400,272165400
2012-04-30,38.2900,40.4400,36.8000,40.3800,269258600
2012-03-30,38.1200,39.9000,37.5600,38.2300,376538300
2012-02-29,38.1600,38.7700,37.5000,38.1100,238218900
2012-01-31,40.2800,40.4800,37.0700,37.6600,331122000
2011-12-30,37.6800,40.2500,37.4900,40.1200,245545635
2011-11-30,36.9200,37.7300,35.1700,37.7300,276757300
2011-10-31,36.7300,37.8400,35.4600,36.9800,339832100
2011-09-30,36.0500,37.3900,34.6500,36.8000,386661700
2011-08-31,36.3500,36.7200,32.2800,36.1650,548738300
2011-07-29,37.0600,37.8650,34.8700,35.2900,298386900
2011-06-30,36.4600,37.2500,34.9400,37.2300,325157500
2011-05-31,38.3300,38.3300,36.2400,36.9300,250086200
2011-04-29,38.5800,38.7400,36.5000,37.7800,268339900
2011-03-31,36.8100,38.9500,33.3600,38.5400,413658400
2011-02-28,36.2800,36.9400,35.3459,36.9200,298056100
2011-01-31,36.0600,37.7000,34.3500,35.6200,541571100
2010-12-31,32.4400,36.0000,32.2201,35.7800,338278000
2010-11-30,32.7700,33.6200,31.6000,32.0100,285190900
2010-10-29,32.7800,33.6800,31.7600,32.4800,423067300
2010-09-30,29.7000,33.0900,29.6500,32.5900,357902700
2010-08-31,29.5400,30.3800,29.1000,29.5300,381693500
2010-07-30,28.0100,29.2400,25.9900,29.0600,497527600
2010-06-30,27.3000,29.4700,27.0600,28.0200,447252100
2010-05-28,29.1600,29.4400,26.4900,27.5200,515564500
2010-04-30,31.2500,31.7100,28.6000,28.9000,503870600
2010-03-31,28.9700,31.5000,28.8500,31.0200,409463500
2010-02-26,29.8200,29.8800,28.3100,28.9300,348600600
2010-01-29,33.4000,33.4500,29.1300,29.4200,505361100
2009-12-31,31.7800,34.1300,31.3500,33.1300,328158500
2009-11-30,29.8400,32.1100,28.9600,31.4600,330106200
2009-10-30,30.2900,30.4500,28.5700,29.5900,523556100
2009-09-30,30.8700,31.4500,29.3100,30.2700,416999700
2009-08-31,32.3700,32.5300,30.0000,31.0400,273000100
2009-07-31,30.8300,32.6900,28.3100,32.0700,369472200
2009-06-30,29.5300,31.4400,28.9800,30.7300,353954000
2009-05-29,30.3600,31.3400,28.6400,29.2600,313567800
2009-04-30,29.8600,33.0700,29.8300,30.3400,410062800
2009-03-31,28.0500,31.1492,26.1000,30.2000,507311000
2009-02-27,30.2700,32.2000,27.6200,28.5300,371421800
2009-01-30,34.1200,34.7600,28.5800,29.8700,450924400
2008-12-31,32.1400,34.9000,30.5000,33.9000,441592500
2008-11-28,30.1200,33.0600,26.2300,32.6500,435639700
2008-10-31,31.7900,32.0000,23.0700,29.6700,623330300
2008-09-30,35.6500,36.3400,30.2500,32.0900,456386900
2008-08-29,34.4400,35.8800,33.4100,35.1200,258461800
2008-07-31,34.9700,36.3300,33.3500,34.0400,359621000
2008-06-30,38.4000,39.5200,33.8400,35.4000,384024800
2008-05-30,38.4100,39.9400,36.7500,38.4700,264203400
2008-04-30,37.1800,39.0500,34.7900,38.4800,319446200
2008-03-31,36.3800,37.2800,33.1500,36.4500,337806600
2008-02-29,39.2500,39.4900,33.3000,36.3200,422513500
2008-01-31,43.9000,44.3200,35.4000,38.8300,432512600
2007-12-31,43.3100,45.7050,42.7000,43.6900,243901900
2007-11-30,45.8400,45.9600,40.7700,43.2100,282654000
2007-10-31,44.4600,46.2400,43.5100,46.0700,275804300
2007-09-28,41.9700,44.7500,40.9500,44.2800,219280700
2007-08-31,42.5000,43.7800,39.2700,41.8800,315724600
2007-07-31,41.3800,44.1000,40.0300,42.6200,315612400
2007-06-29,43.6700,43.7100,40.5500,41.1700,277384100
2007-05-31,38.3700,43.9900,38.2500,43.5300,349043500
2007-04-30,37.4000,38.4900,36.7500,38.1800,223814500
2007-03-30,37.0000,38.5300,35.6000,37.9200,307514100
2007-02-28,38.7700,38.7700,35.8300,37.4000,209552900
2007-01-31,37.6300,38.6800,36.4800,38.5200,289058600
2006-12-29,35.1300,37.6400,34.4300,37.2400,226621900
2006-11-30,37.2500,37.2900,34.0000,34.9400,269134600
2006-10-31,37.2000,38.9500,36.0000,37.0000,333017700
2006-09-29,35.4300,38.0000,35.0800,37.1300,247209900
2006-08-31,33.8000,35.4900,32.6000,35.1800,205422300
2006-07-31,33.6300,34.0300,31.3600,33.8200,195355100
2006-06-30,31.4800,33.6200,31.2700,33.4900,255569000
2006-05-31,33.0500,33.2500,30.1000,31.2100,242828900
2006-04-28,34.2500,34.7200,32.2600,33.0300,202377600
2006-03-31,33.9100,35.1700,33.1700,34.0600,276698100
2006-02-28,31.6800,34.9900,31.2500,33.7000,265056800
2006-01-31,30.2000,32.3300,30.0400,31.6600,431049500
2005-12-30,32.2000,32.2800,30.0000,30.1200,300999200
2005-11-30,31.8000,32.4600,30.1000,31.9800,256258700
2005-10-31,32.5900,32.7800,29.1300,31.5100,284189300
2005-09-30,32.6500,32.9500,31.6500,32.6900,178454500
2005-08-31,34.2000,34.2500,32.1500,32.7100,226209200
2005-07-29,34.5500,34.9700,33.9900,34.2300,176197400
2005-06-30,35.5000,35.5550,34.3800,34.5500,162044500
2005-05-31,36.0500,36.2500,34.0300,35.3800,184475700
2005-04-29,35.6000,35.9900,33.7100,35.8000,166450500
2005-03-31,36.4000,36.8500,34.3800,35.5000,168353100
2005-02-28,35.8700,37.1100,35.1300,35.9700,178833300
2005-01-31,40.8000,41.0600,35.0800,35.5900,237543400
2004-12-31,41.6200,42.2100,40.2000,40.5100,143911200
2004-11-30,39.4000,42.2700,39.1600,41.2300,143139000
2004-10-29,39.7500,41.9000,38.2600,39.1000,166267800
2004-09-30,39.1500,41.0100,39.0000,39.3800,145775000
2004-08-31,38.6500,39.8000,38.1900,39.2500,149874100
2004-07-30,36.5000,39.0300,34.1300,38.5400,179513200
2004-06-30,34.5800,36.8190,34.2500,36.1900,155378100
2004-05-28,37.9500,38.2000,34.3900,34.5800,133005900
2004-04-30,37.2500,38.2000,36.6200,37.7400,163080200
2004-03-31,38.3000,39.5400,35.2800,36.5400,169561900
2004-02-27,36.7500,39.2000,36.2500,38.3300,138818000
2004-01-30,35.1000,37.8700,35.0800,36.8600,176967800
2003-12-31,32.6700,35.2500,32.1300,35.0800,193389700
2003-11-28,33.7000,33.8400,31.8000,32.8400,138702200
2003-10-31,32.5600,34.2500,31.1000,33.6000,219731400
2003-09-30,35.0600,37.0000,32.0500,32.4400,198235900
2003-08-29,35.0000,36.6100,34.2000,35.3200,142424200
2003-07-31,39.0000,40.2500,34.6500,35.0000,188078900
2003-06-30,38.1500,41.3500,37.7700,39.4500,155039200
2003-05-30,37.0000,38.5000,35.2000,37.8500,142150500
2003-04-30,35.3400,37.9100,32.8000,37.3800,173001400
2003-03-31,34.5900,37.7600,32.0600,35.3500,156017300
2003-02-28,38.3300,39.4700,34.2500,34.5800,154230400
2003-01-31,39.1500,44.3100,34.8500,38.2800,225954600
2002-12-31,42.1000,43.2000,37.6600,38.7500,146622200
2002-11-29,37.2000,42.0000,36.5600,41.8800,159733900
2002-10-31,27.5200,39.0000,27.5000,37.7600,273823500
2002-09-30,30.2500,32.7000,26.7500,27.4400,155737200
2002-08-30,33.1500,33.9900,28.2300,31.0000,178171100
2002-07-31,39.6500,40.2000,26.0100,33.0000,256836000
2002-06-28,43.0000,43.5300,36.5000,40.1500,154823000
2002-05-31,40.2500,44.7300,39.0000,43.0000,130716500
2002-04-30,46.0100,46.0100,38.6200,40.1100,185342300
2002-03-28,47.2000,48.7000,45.5100,46.1000,113961400
2002-02-28,47.2000,48.1500,43.0200,46.8000,114191800
2002-01-31,47.7500,51.0900,40.0000,46.3500,137261800
2001-12-31,48.0100,48.9100,46.9000,47.4600,103334200
2001-11-30,50.0000,51.9300,46.9000,47.0000,114371900
2001-10-31,54.2000,55.9900,49.0000,49.8100,158526200
2001-09-28,50.2000,54.7100,48.3200,54.1100,137629500
2001-08-31,54.5000,55.9900,49.5000,50.0000,101103900
2001-07-31,53.5000,57.4000,53.0800,54.1500,114071200
2001-06-29,54.8000,55.7900,51.1000,53.5000,103423400
2001-05-31,54.9000,56.9900,52.6000,54.8500,140468600
2001-04-30,49.7500,56.6000,47.0000,55.0700,131026200
2001-03-30,49.3000,50.5000,43.8000,49.3000,115964800
2001-02-28,54.7000,55.0000,46.8800,49.5000,100378800
2001-01-31,49.6300,57.1300,48.8100,54.9500,114836800
2000-12-29,56.8800,59.3800,46.5000,50.1300,118892400
2000-11-30,56.5000,57.7500,51.0000,56.1900,110433700
2000-10-31,47.5000,57.8800,45.1900,57.8100,126516400
2000-09-29,43.5000,49.9400,41.0000,48.4400,97323800
2000-08-31,47.5000,48.9400,39.0600,43.5200,232926100
2000-07-31,50.6300,56.8800,43.2500,46.7500,143732800
2000-06-30,52.8100,58.6300,49.5000,50.8100,96323000
2000-05-31,59.2500,59.6300,50.1300,52.8800,90791000
2000-04-28,61.7500,66.0000,58.5000,60.0000,72200900
2000-03-31,53.1300,63.1900,52.1300,61.1300,100292400
2000-02-29,60.7500,61.3800,47.3800,48.9400,76468600
2000-01-31,60.6300,63.0000,55.5600,61.9400,85701300
1999-12-31,63.2500,67.2500,59.1900,61.5600,79835300
